Workbook

Sheet DeepSeek R1 0528
A1: DeepSeek R1 0528
B2: Compilability index (%) | C2: Validity index (%) | D2: Code coverage (%) | E2: Mutation score (%) | F2: Execution time (s) | G2: Prompt tokens | H2: Completion tokens | I2: Total tokens | J2: Total cost ($) | K2: Readability index (%)
A3: Sample1 | B3: 100 | C3: 100 | D3: 100 | E3: 100 | F3: 128.531 | G3: 1494 | H3: 3111 | I3: 4605 | J3: 0.0086616 | K3: 87.2
A4: Sample2 | B4: 100 | C4: 45 | D4: 95 | E4: 50 | F4: 439.15 | G4: 3904 | H4: 10200 | I4: 14104 | J4: 0.0276032 | K4: 82
A5: Sample3 | B5: 99 | C5: 68.4 | D5: 87 | E5: 50 | F5: 556.406 | G5: 2819 | H5: 13223 | I5: 16042 | J5: 0.0339904 | K5: 89.6
A6: Sample4 | B6: 100 | C6: 100 | D6: 100 | E6: 100 | F6: 192.574 | G6: 1393 | H6: 5669 | I6: 7062 | J6: 0.01472 | K6: 90
A7: Sample5 | B7: 100 | C7: 93.3 | D7: 100 | E7: 94.9 | F7: 81.496 | G7: 2511 | H7: 2362 | I7: 4873 | J7: 0.0076776 | K7: 87.2
A8: Sample6 | B8: 100 | C8: 100 | D8: 100 | E8: 95.8 | F8: 124.808 | G8: 2920 | H8: 3608 | I8: 6528 | J8: 0.0109952 | K8: 86
A9: Sample7 | B9: 100 | C9: 88.2 | D9: 100 | E9: 90.9 | F9: 83.767 | G9: 1900 | H9: 1633 | I9: 3533 | J9: 0.0054392 | K9: 88.4
A10: Sample8 | B10: 100 | C10: 85.7 | D10: 98 | E10: 72.6 | F10: 63.725 | G10: 1854 | H10: 1195 | I10: 3049 | J10: 0.0043512 | K10: 83.6
A11: Sample9 | B11: 100 | C11: 92.3 | D11: 98 | E11: 38.2 | F11: 299.424 | G11: 1740 | H11: 7859 | I11: 9599 | J11: 0.0202536 | K11: 76.2
A12: Sample10 | B12: 100 | C12: 95.2 | D12: 99 | E12: 91.4 | F12: 125.032 | G12: 2634 | H12: 3006 | I12: 5640 | J12: 0.0093216 | K12: 88.8
A13: Sample11 | B13: 100 | C13: 100 | D13: 100 | E13: 88.9 | F13: 532.181 | G13: 1534 | H13: 14187 | I13: 15721 | J13: 0.035276 | K13: 86
A14: Sample12 | B14: 100 | C14: 88.9 | D14: 98 | E14: 93.6 | F14: 350.067 | G14: 1897 | H14: 9997 | I14: 11894 | J14: 0.0255104 | K14: 86
... A22: Sample20 | B22: 100 | C22: 87.5 | D22: 97 | E22: 75 | F22: 402.038 | G22: 1206 | H22: 9333 | I22: 10539 | J22: 0.023364 | K22: 89.8
B23: =AVERAGE(B3:B22) -> 99.95 | C23: =AVERAGE(C3:C22) -> 91.21 | D23: =AVERAGE(D3:D22) -> 98.6 | E23: =AVERAGE(E3:E22) -> 83.555 | F23: =AVERAGE(F3:F22) -> 204.5098 | G23: =AVERAGE(G3:G22) -> 1914.55 | H23: =AVERAGE(H3:H22) -> 5221.1 | I23: =AVERAGE(I3:I22) -> 7135.65 | ... K23: =AVERAGE(K3:K22) -> 87.08

Sheet Gemini 3 Pro
A1: Gemini 3 Pro
B2: Compilability index (%) | C2: Validity index (%) | D2: Code coverage (%) | E2: Mutation score (%) | F2: Execution time (s) | G2: Prompt tokens | H2: Completion tokens | I2: Total tokens | J2: Total cost ($) | K2: Readability index (%)
A3: Sample1 | B3: 99 | C3: 100 | D3: 100 | E3: 100 | F3: 84.199 | G3: 1414 | H3: 5695 | I3: 7109 | J3: 0.071168 | K3: 91
A4: Sample2 | B4: 100 | C4: 100 | D4: 100 | E4: 85.5 | F4: 57.122 | G4: 3624 | H4: 6126 | I4: 9750 | J4: 0.08076 | K4: 84
A5: Sample3 | B5: 100 | C5: 94.4 | D5: 98 | E5: 77.5 | F5: 45.026 | G5: 2626 | H5: 4875 | I5: 7501 | J5: 0.063752 | K5: 89
A6: Sample4 | B6: 100 | C6: 100 | D6: 100 | E6: 100 | F6: 56.567 | G6: 1314 | H6: 5983 | I6: 7297 | J6: 0.074424 | K6: 90.4
A7: Sample5 | B7: 100 | C7: 50 | D7: 95 | E7: 74.4 | F7: 72.932 | G7: 2321 | H7: 4542 | I7: 6863 | J7: 0.059146 | K7: 87.8
A8: Sample6 | B8: 100 | C8: 100 | D8: 100 | E8: 95.7 | F8: 42.92 | G8: 2698 | H8: 4726 | I8: 7424 | J8: 0.062108 | K8: 85.8
A9: Sample7 | B9: 100 | C9: 100 | D9: 100 | E9: 90.9 | F9: 31.866 | G9: 1762 | H9: 3379 | I9: 5141 | J9: 0.044072 | K9: 90.6
A10: Sample8 | B10: 100 | C10: 100 | D10: 100 | E10: 90.2 | F10: 185.954 | G10: 1743 | H10: 9120 | I10: 10863 | J10: 0.112926 | K10: 79
A11: Sample9 | B11: 100 | C11: 100 | D11: 100 | E11: 44.1 | F11: 69.695 | G11: 1637 | H11: 6276 | I11: 7913 | J11: 0.078586 | K11: 74
A12: Sample10 | B12: 100 | C12: 100 | D12: 100 | E12: 96.6 | F12: 77.956 | G12: 81518 | H12: 4849 | I12: 7255 | J12: 0.063 | K12: 88.4
A13: Sample11 | B13: 100 | C13: 100 | D13: 100 | E13: 91.7 | F13: 63.729 | G13: 1456 | H13: 6112 | I13: 7568 | J13: 0.076256 | K13: 83.6
A14: Sample12 | B14: 100 | C14: 88.9 | D14: 99 | E14: 93.6 | F14: 91.71 | G14: 1797 | H14: 9946 | I14: 11743 | J14: 0.122946 | K14: 85.2
... A22: Sample20 | B22: 100 | C22: 100 | D22: 100 | E22: 75 | F22: 64.947 | G22: 1148 | H22: 6520 | I22: 7668 | J22: 0.080536 | K22: 90.4
B23: =AVERAGE(B3:B22) -> 99.9 | C23: =AVERAGE(C3:C22) -> 96.665 | D23: =AVERAGE(D3:D22) -> 99.6 | E23: =AVERAGE(E3:E22) -> 88.335 | F23: =AVERAGE(F3:F22) -> 65.96475 | G23: =AVERAGE(G3:G22) -> 5749.75 | H23: =AVERAGE(H3:H22) -> 5826.8 | I23: =AVERAGE(I3:I22) -> 7620.95 | ... K23: =AVERAGE(K3:K22) -> 86.9

Sheet GLM-4.5-Air
A1: GLM-4.5-Air
B2: Compilability index (%) | C2: Validity index (%) | D2: Code coverage (%) | E2: Mutation score (%) | F2: Execution time (s) | G2: Prompt tokens | H2: Completion tokens | I2: Total tokens | J2: Total cost ($) | K2: Readability index (%)
A3: Sample1 | B3: 100 | C3: 75 | D3: 91 | E3: 100 | F3: 8.216 | G3: 1266 | H3: 846 | I3: 2112 | J3: 0.000706528 | K3: 86.6
A4: Sample2 | B4: 94 | C4: 87.8 | D4: 98 | E4: 79.7 | F4: 29.58 | G4: 2946 | H4: 3757 | I4: 6703 | J4: 0.002860728 | K4: 79.8
A5: Sample3 | B5: 100 | C5: 83.3 | D5: 91 | E5: 72.5 | F5: 26.715 | G5: 2165 | H5: 3175 | I5: 5340 | J5: 0.002286504 | K5: 72.2
A6: Sample4 | B6: 100 | C6: 75 | D6: 98 | E6: 100 | F6: 6.882 | G6: 1187 | H6: 735 | I6: 1922 | J6: 0.000622832 | K6: 80.2
A7: Sample5 | B7: 91 | C7: 50 | D7: 91 | E7: 69.2 | F7: 26.971 | G7: 1956 | H7: 2514 | I7: 4470 | J7: 0.001815184 | K7: 79.8
A8: Sample6 | B8: 100 | C8: 100 | D8: 100 | E8: 95.7 | F8: 20.169 | G8: 2274 | H8: 2338 | I8: 4612 | J8: 0.001728264 | K8: 72
A9: Sample7 | B9: 100 | C9: 100 | D9: 100 | E9: 100 | F9: 10.868 | G9: 1534 | H9: 1190 | I9: 2724 | J9: 0.000871288 | K9: 72
A10: Sample8 | B10: 99 | C10: 70 | D10: 100 | E10: 58.8 | F10: 9.458 | G10: 1541 | H10: 1055 | I10: 2596 | J10: 0.000779904 | K10: 77
A11: Sample9 | B11: 70 | C11: 58.3 | D11: 94 | E11: 25 | F11: 16.78 | G11: 1475 | H11: 1792 | I11: 3267 | J11: 0.001274408 | K11: 87.6
A12: Sample10 | B12: 100 | C12: 100 | D12: 100 | E12: 89.7 | F12: 18.639 | G12: 2035 | H12: 2422 | I12: 4457 | J12: 0.001761048 | K12: 74.6
A13: Sample11 | B13: 100 | C13: 71.4 | D13: 94 | E13: 91.7 | F13: 7.181 | G13: 1301 | H13: 722 | I13: 2023 | J13: 0.000528504 | K13: 83.4
A14: Sample12 | B14: 99 | C14: 70.6 | D14: 69 | E14: 79 | F14: 21.488 | G14: 1573 | H14: 2139 | I14: 3712 | J14: 0.001519936 | K14: 82.8
... A22: Sample20 | B22: 99 | C22: 83.3 | D22: 96 | E22: 75 | F22: 4.604 | G22: 1052 | H22: 444 | I22: 1496 | J22: 0.00031388 | K22: 90.8
B23: =AVERAGE(B3:B22) -> 97.45 | C23: =AVERAGE(C3:C22) -> 82.315 | D23: =AVERAGE(D3:D22) -> 92.15 | E23: =AVERAGE(E3:E22) -> 82.34 | F23: =AVERAGE(F3:F22) -> 14.76365 | G23: =AVERAGE(G3:G22) -> 1553.8 | H23: =AVERAGE(H3:H22) -> 1572.7 | I23: =AVERAGE(I3:I22) -> 3126.5 | ... K23: =AVERAGE(K3:K22) -> 81.86

Sheet GPT-5 Mini
A1: GPT-5 Mini
B2: Compilability index (%) | C2: Validity index (%) | D2: Code coverage (%) | E2: Mutation score (%) | F2: Execution time (s) | G2: Prompt tokens | H2: Completion tokens | I2: Total tokens | J2: Total cost ($) | K2: Readability index (%)
A3: Sample1 | B3: 100 | C3: 100 | D3: 100 | E3: 100 | F3: 24.968 | G3: 1274 | H3: 1489 | I3: 2763 | J3: 0.0032965 | K3: 84.4
A4: Sample2 | B4: 100 | C4: 75 | D4: 96 | E4: 60.9 | F4: 76.095 | G4: 3053 | H4: 4183 | I4: 7236 | J4: 0.00912925 | K4: 85.4
A5: Sample3 | B5: 100 | C5: 94.4 | D5: 99 | E5: 80 | F5: 88.627 | G5: 2283 | H5: 5995 | I5: 8278 | J5: 0.01256075 | K5: 85
A6: Sample4 | B6: 100 | C6: 100 | D6: 100 | E6: 100 | F6: 20.828 | G6: 1198 | H6: 1657 | I6: 2855 | J6: 0.0036135 | K6: 88
A7: Sample5 | B7: 99 | C7: 92.3 | D7: 100 | E7: 94.9 | F7: 44.25 | G7: 1988 | H7: 3157 | I7: 5145 | J7: 0.006811 | K7: 87.2
A8: Sample6 | B8: 99 | C8: 100 | D8: 99 | E8: 100 | F8: 66.562 | G8: 2304 | H8: 4319 | I8: 6623 | J8: 0.009214 | K8: 78.2
A9: Sample7 | B9: 100 | C9: 100 | D9: 100 | E9: 90.9 | F9: 39.412 | G9: 1544 | H9: 2542 | I9: 4086 | J9: 0.00547 | K9: 85.4
A10: Sample8 | B10: 100 | C10: 100 | D10: 99 | E10: 82.4 | F10: 42.759 | G10: 1557 | H10: 3169 | I10: 4726 | J10: 0.00672725 | K10: 83.8
A11: Sample9 | B11: 100 | C11: 37.5 | D11: 95 | E11: 25 | F11: 48.783 | G11: 1480 | H11: 3346 | I11: 4826 | J11: 0.007062 | K11: 78.4
A12: Sample10 | B12: 100 | C12: 100 | D12: 100 | E12: 96.6 | F12: 51.906 | G12: 2037 | H12: 3597 | I12: 5634 | J12: 0.00770325 | K12: 87.8
A13: Sample11 | B13: 100 | C13: 83.3 | D13: 98 | E13: 91.7 | F13: 25.175 | G13: 1311 | H13: 2055 | I13: 3366 | J13: 0.00443775 | K13: 80.6
A14: Sample12 | B14: 100 | C14: 100 | D14: 100 | E14: 95.2 | F14: 29.231 | G14: 1589 | H14: 2446 | I14: 4035 | J14: 0.00528925 | K14: 84
... A22: Sample20 | B22: 100 | C22: 100 | D22: 100 | E22: 87.5 | F22: 26.6 | G22: 1060 | H22: 2130 | I22: 3190 | J22: 0.004525 | K22: 85.8
B23: =AVERAGE(B3:B22) -> 99.85 | C23: =AVERAGE(C3:C22) -> 93.67 | D23: =AVERAGE(D3:D22) -> 99.2 | E23: =AVERAGE(E3:E22) -> 87.575 | F23: =AVERAGE(F3:F22) -> 39.8397 | G23: =AVERAGE(G3:G22) -> 1578.4 | H23: =AVERAGE(H3:H22) -> 2869.65 | I23: =AVERAGE(I3:I22) -> 4448.05 | ... K23: =AVERAGE(K3:K22) -> 85.84

Sheet Qwen3 Coder 30B
A1: Qwen3 Coder 30B
B2: Compilability index (%) | C2: Validity index (%) | D2: Code coverage (%) | E2: Mutation score (%) | F2: Execution time (s) | G2: Prompt tokens | H2: Completion tokens | I2: Total tokens | J2: Total cost ($) | K2: Readability index (%)
A3: Sample1 | B3: 100 | C3: 100 | D3: 100 | E3: 100 | F3: 3.223 | G3: 1267 | H3: 397 | I3: 1664 | J3: 0.0002458 | K3: 88
A4: Sample2 | B4: 100 | C4: 94.7 | D4: 99 | E4: 65.2 | F4: 26.931 | G4: 2961 | H4: 3923 | I4: 6884 | J4: 0.001473 | K4: 68.2
A5: Sample3 | B5: 100 | C5: 100 | D5: 100 | E5: 52.5 | F5: 11.454 | G5: 2166 | H5: 1675 | I5: 3841 | J5: 0.0007191 | K5: 85
A6: Sample4 | B6: 99 | C6: 100 | D6: 100 | E6: 100 | F6: 3.098 | G6: 1188 | H6: 443 | I6: 1631 | J6: 0.0002517 | K6: 84.2
A7: Sample5 | B7: 100 | C7: 90 | D7: 95 | E7: 71.8 | F7: 9.157 | G7: 1959 | H7: 1330 | I7: 3289 | J7: 0.0005949 | K7: 83.6
A8: Sample6 | B8: 100 | C8: 100 | D8: 100 | E8: 95.7 | F8: 15.78 | G8: 2275 | H8: 2294 | I8: 4569 | J8: 0.0009157 | K8: 81.6
A9: Sample7 | B9: 100 | C9: 83.3 | D9: 100 | E9: 100 | F9: 5.989 | G9: 1540 | H9: 869 | I9: 2409 | J9: 0.0004147 | K9: 87
A10: Sample8 | B10: 100 | C10: 75 | D10: 94 | E10: 15.7 | F10: 3.378 | G10: 1542 | H10: 449 | I10: 1991 | J10: 0.0002889 | K10: 87.6
A11: Sample9 | B11: 100 | C11: 20 | D11: 91 | E11: 19.1 | F11: 7.419 | G11: 1476 | H11: 1075 | I11: 2551 | J11: 0.0004701 | K11: 81.6
A12: Sample10 | B12: 100 | C12: 100 | D12: 100 | E12: 77.6 | F12: 15.815 | G12: 2037 | H12: 2323 | I12: 4360 | J12: 0.0009006 | K12: 87.2
A13: Sample11 | B13: 100 | C13: 40 | D13: 92 | E13: 77.8 | F13: 3.344 | G13: 1303 | H13: 469 | I13: 1772 | J13: 0.000271 | K13: 84.4
A14: Sample12 | B14: 100 | C14: 83.3 | D14: 89 | E14: 54.8 | F14: 5.189 | G14: 1579 | H14: 748 | I14: 2327 | J14: 0.0003823 | K14: 79.6
... A22: Sample20 | B22: 100 | C22: 90 | D22: 98 | E22: 62.5 | F22: 5.431 | G22: 1054 | H22: 784 | I22: 1838 | J22: 0.0003406 | K22: 82.8
B23: =AVERAGE(B3:B22) -> 99.95 | C23: =AVERAGE(C3:C22) -> 83.67 | D23: =AVERAGE(D3:D22) -> 96.6 | E23: =AVERAGE(E3:E22) -> 72.88 | F23: =AVERAGE(F3:F22) -> 8.2168 | G23: =AVERAGE(G3:G22) -> 1557.4 | H23: =AVERAGE(H3:H22) -> 1185.65 | I23: =AVERAGE(I3:I22) -> 2743.05 | ... K23: =AVERAGE(K3:K22) -> 84.21

Sheet Summary
B1: Compilability index (%) | C1: Validity index (%) | D1: Code coverage (%) | E1: Mutation score (%) | F1: Execution time (s) | G1: Prompt tokens | H1: Completion tokens | I1: Total tokens | J1: Total cost ($) | K1: Readability index (%)
A2: Gemini 3 Pro | B2: ='Gemini 3 Pro'!B23 -> 99.9 | C2: ='Gemini 3 Pro'!C23 -> 96.665 | D2: ='Gemini 3 Pro'!D23 -> 99.6 | E2: ='Gemini 3 Pro'!E23 -> 88.335 | F2: ='Gemini 3 Pro'!F23 -> 65.96475 | G2: ='Gemini 3 Pro'!G23 -> 5749.75 | H2: ='Gemini 3 Pro'!H23 -> 5826.8 | I2: ='Gemini 3 Pro'!I23 -> 7620.95 | ... K2: ='Gemini 3 Pro'!K23 -> 86.9
A3: GPT-5 Mini | B3: ='GPT-5 Mini'!B23 -> 99.85 | C3: ='GPT-5 Mini'!C23 -> 93.67 | D3: ='GPT-5 Mini'!D23 -> 99.2 | E3: ='GPT-5 Mini'!E23 -> 87.575 | F3: ='GPT-5 Mini'!F23 -> 39.8397 | G3: ='GPT-5 Mini'!G23 -> 1578.4 | H3: ='GPT-5 Mini'!H23 -> 2869.65 | I3: ='GPT-5 Mini'!I23 -> 4448.05 | ... K3: ='GPT-5 Mini'!K23 -> 85.84
A4: DeepSeek R1 0528 | B4: ='DeepSeek R1 0528'!B23 -> 99.95 | C4: ='DeepSeek R1 0528'!C23 -> 91.21 | D4: ='DeepSeek R1 0528'!D23 -> 98.6 | E4: ='DeepSeek R1 0528'!E23 -> 83.555 | F4: ='DeepSeek R1 0528'!F23 -> 204.5098 | G4: ='DeepSeek R1 0528'!G23 -> 1914.55 | H4: ='DeepSeek R1 0528'!H23 -> 5221.1 | I4: ='DeepSeek R1 0528'!I23 -> 7135.65 | ... K4: ='DeepSeek R1 0528'!K23 -> 87.08
A5: Qwen3 Coder 30B | B5: ='Qwen3 Coder 30B'!B23 -> 99.95 | C5: ='Qwen3 Coder 30B'!C23 -> 83.67 | D5: ='Qwen3 Coder 30B'!D23 -> 96.6 | E5: ='Qwen3 Coder 30B'!E23 -> 72.88 | F5: ='Qwen3 Coder 30B'!F23 -> 8.2168 | G5: ='Qwen3 Coder 30B'!G23 -> 1557.4 | H5: ='Qwen3 Coder 30B'!H23 -> 1185.65 | I5: ='Qwen3 Coder 30B'!I23 -> 2743.05 | ... K5: ='Qwen3 Coder 30B'!K23 -> 84.21
A6: GLM-4.5-Air | B6: ='GLM-4.5-Air'!B23 -> 97.45 | C6: ='GLM-4.5-Air'!C23 -> 82.315 | D6: ='GLM-4.5-Air'!D23 -> 92.15 | E6: ='GLM-4.5-Air'!E23 -> 82.34 | F6: ='GLM-4.5-Air'!F23 -> 14.76365 | G6: ='GLM-4.5-Air'!G23 -> 1553.8 | H6: ='GLM-4.5-Air'!H23 -> 1572.7 | I6: ='GLM-4.5-Air'!I23 -> 3126.5 | ... K6: ='GLM-4.5-Air'!K23 -> 81.86
